{"stats":{"minecraft:custom":{"minecraft:time_since_rest":29952,"minecraft:open_chest":1,"minecraft:crouch_one_cm":13930,"minecraft:play_time":29952,"minecraft:sprint_one_cm":20084,"minecraft:damage_taken":20,"minecraft:walk_one_cm":92448,"minecraft:sneak_time":3505,"minecraft:walk_under_water_one_cm":11479,"minecraft:jump":104,"minecraft:damage_dealt":66,"minecraft:time_since_death":29952,"minecraft:walk_on_water_one_cm":14226,"minecraft:total_world_time":29952,"minecraft:fall_one_cm":418,"minecraft:fly_one_cm":92992},"minecraft:used":{"minecraft:shroomlight":19,"minecraft:green_carpet":19,"minecraft:bamboo_mosaic_stairs":144,"minecraft:glowstone":7,"minecraft:bamboo_fence":71,"minecraft:sand":8,"minecraft:stripped_bamboo_block":95,"minecraft:yellow_stained_glass":20,"minecraft:campfire":43,"minecraft:yellow_carpet":8,"minecraft:bamboo_mosaic_slab":192,"minecraft:splash_potion":87,"minecraft:bamboo_planks":1,"minecraft:bamboo_door":2}},"DataVersion":3465}