{"stats":{"minecraft:used":{"minecraft:bamboo_mosaic_stairs":127,"minecraft:bamboo_fence":25,"minecraft:sand":1,"minecraft:bamboo_mosaic_slab":141,"minecraft:stripped_bamboo_block":86,"minecraft:bamboo_planks":1,"minecraft:bamboo_door":2},"minecraft:custom":{"minecraft:jump":88,"minecraft:open_chest":1,"minecraft:time_since_rest":17952,"minecraft:walk_on_water_one_cm":183,"minecraft:damage_dealt":30,"minecraft:crouch_one_cm":10911,"minecraft:sprint_one_cm":12091,"minecraft:play_time":17952,"minecraft:damage_taken":20,"minecraft:time_since_death":17952,"minecraft:walk_one_cm":47884,"minecraft:sneak_time":2623,"minecraft:total_world_time":17952,"minecraft:fall_one_cm":418,"minecraft:fly_one_cm":68000}},"DataVersion":3465}