{"stats":{"minecraft:killed":{"minecraft:spider":1},"minecraft:used":{"minecraft:shroomlight":31,"minecraft:bamboo_mosaic_stairs":144,"minecraft:oak_leaves":4,"minecraft:green_carpet":19,"minecraft:glowstone":31,"minecraft:sand":8,"minecraft:bamboo_fence":92,"minecraft:vine":38,"minecraft:sandstone_stairs":285,"minecraft:white_carpet":15,"minecraft:stripped_bamboo_block":95,"minecraft:birch_slab":46,"minecraft:yellow_stained_glass":20,"minecraft:sandstone_slab":44,"minecraft:campfire":43,"minecraft:yellow_carpet":8,"minecraft:spruce_planks":106,"minecraft:sandstone":505,"minecraft:stone":746,"minecraft:purple_carpet":109,"minecraft:spruce_fence":342,"minecraft:bamboo_mosaic_slab":192,"minecraft:purple_wool":357,"minecraft:splash_potion":87,"minecraft:bamboo_planks":1,"minecraft:birch_stairs":34,"minecraft:bamboo_door":2},"minecraft:picked_up":{"minecraft:purple_carpet":3},"minecraft:custom":{"minecraft:time_since_rest":164814,"minecraft:open_chest":1,"minecraft:crouch_one_cm":43258,"minecraft:sprint_one_cm":43402,"minecraft:play_time":164814,"minecraft:damage_taken":20,"minecraft:walk_one_cm":270579,"minecraft:sneak_time":14646,"minecraft:walk_under_water_one_cm":11479,"minecraft:mob_kills":1,"minecraft:jump":278,"minecraft:damage_dealt":224,"minecraft:leave_game":3,"minecraft:walk_on_water_one_cm":14497,"minecraft:time_since_death":164814,"minecraft:total_world_time":164814,"minecraft:fall_one_cm":418,"minecraft:fly_one_cm":1190394}},"DataVersion":3465}