{"stats":{"minecraft:killed":{"minecraft:spider":1},"minecraft:used":{"minecraft:shroomlight":19,"minecraft:bamboo_mosaic_stairs":144,"minecraft:oak_leaves":4,"minecraft:green_carpet":19,"minecraft:glowstone":7,"minecraft:sand":8,"minecraft:bamboo_fence":92,"minecraft:sandstone_stairs":25,"minecraft:stripped_bamboo_block":95,"minecraft:yellow_stained_glass":20,"minecraft:sandstone_slab":44,"minecraft:campfire":43,"minecraft:yellow_carpet":8,"minecraft:spruce_planks":106,"minecraft:sandstone":206,"minecraft:stone":746,"minecraft:spruce_fence":146,"minecraft:bamboo_mosaic_slab":192,"minecraft:splash_potion":87,"minecraft:bamboo_planks":1,"minecraft:birch_stairs":4,"minecraft:bamboo_door":2},"minecraft:custom":{"minecraft:time_since_rest":112388,"minecraft:open_chest":1,"minecraft:crouch_one_cm":26968,"minecraft:sprint_one_cm":39105,"minecraft:play_time":112388,"minecraft:damage_taken":20,"minecraft:walk_one_cm":190339,"minecraft:sneak_time":8792,"minecraft:walk_under_water_one_cm":11479,"minecraft:mob_kills":1,"minecraft:jump":223,"minecraft:damage_dealt":224,"minecraft:leave_game":2,"minecraft:walk_on_water_one_cm":14300,"minecraft:time_since_death":112388,"minecraft:total_world_time":112388,"minecraft:fall_one_cm":418,"minecraft:fly_one_cm":840418}},"DataVersion":3465}