{"stats":{"minecraft:killed":{"minecraft:spider":1},"minecraft:used":{"minecraft:shroomlight":19,"minecraft:oak_leaves":4,"minecraft:bamboo_mosaic_stairs":144,"minecraft:green_carpet":19,"minecraft:glowstone":7,"minecraft:sand":8,"minecraft:bamboo_fence":92,"minecraft:stripped_bamboo_block":95,"minecraft:yellow_stained_glass":20,"minecraft:campfire":43,"minecraft:yellow_carpet":8,"minecraft:stone":159,"minecraft:bamboo_mosaic_slab":192,"minecraft:splash_potion":87,"minecraft:bamboo_planks":1,"minecraft:bamboo_door":2},"minecraft:custom":{"minecraft:time_since_rest":53939,"minecraft:open_chest":1,"minecraft:crouch_one_cm":17024,"minecraft:sprint_one_cm":26295,"minecraft:play_time":53939,"minecraft:damage_taken":20,"minecraft:walk_one_cm":126484,"minecraft:sneak_time":4788,"minecraft:walk_under_water_one_cm":11479,"minecraft:mob_kills":1,"minecraft:jump":142,"minecraft:damage_dealt":224,"minecraft:leave_game":1,"minecraft:walk_on_water_one_cm":14300,"minecraft:time_since_death":53939,"minecraft:total_world_time":53939,"minecraft:fall_one_cm":418,"minecraft:fly_one_cm":350467}},"DataVersion":3465}