{"stats":{"minecraft:killed":{"minecraft:spider":1},"minecraft:used":{"minecraft:shroomlight":19,"minecraft:oak_leaves":4,"minecraft:bamboo_mosaic_stairs":144,"minecraft:green_carpet":19,"minecraft:glowstone":7,"minecraft:sand":8,"minecraft:bamboo_fence":92,"minecraft:stripped_bamboo_block":95,"minecraft:yellow_stained_glass":20,"minecraft:campfire":43,"minecraft:yellow_carpet":8,"minecraft:spruce_planks":106,"minecraft:sandstone":90,"minecraft:stone":746,"minecraft:bamboo_mosaic_slab":192,"minecraft:splash_potion":87,"minecraft:bamboo_planks":1,"minecraft:bamboo_door":2},"minecraft:custom":{"minecraft:time_since_rest":94007,"minecraft:open_chest":1,"minecraft:crouch_one_cm":26129,"minecraft:sprint_one_cm":35934,"minecraft:play_time":94007,"minecraft:damage_taken":20,"minecraft:walk_one_cm":151707,"minecraft:sneak_time":8248,"minecraft:walk_under_water_one_cm":11479,"minecraft:mob_kills":1,"minecraft:jump":210,"minecraft:damage_dealt":224,"minecraft:leave_game":2,"minecraft:walk_on_water_one_cm":14300,"minecraft:time_since_death":94007,"minecraft:total_world_time":94007,"minecraft:fall_one_cm":418,"minecraft:fly_one_cm":717441}},"DataVersion":3465}